,Kappa Médio,Pearson Médio
Linear Regression,0.23502428058759722,0.4834278381965097
SVR,0.21466675879214217,0.49970646977599253
Random Forest,0.2658915906988439,0.4986237847922787
XGBoost,0.2586875611806687,0.4596800269603003
